{
  "all_tests_passed": true,
  "consciousness_passed": 2,
  "duplicate_passed": true,
  "multi_algo_passed": true,
  "rpc_passed": false,
  "db_passed": true,
  "metrics": {
    "total_shares": 1000,
    "duplicate_shares": 119,
    "consciousness_xp_total": 221,
    "processing_time_ms": [
      12.007951736450195,
      4.5719146728515625,
      11.491060256958008,
      1.7900466918945312,
      2.0389556884765625,
      8.381843566894531,
      3.6389827728271484,
      2.7582645416259766,
      10.254144668579102,
      6.257772445678711,
      3.5610198974609375,
      3.596067428588867,
      6.688117980957031,
      7.993936538696289,
      10.449886322021484,
      3.268003463745117,
      2.4809837341308594,
      3.6940574645996094,
      12.006998062133789,
      7.698774337768555,
      3.5178661346435547,
      4.887104034423828,
      2.185821533203125,
      7.702112197875977,
      3.033161163330078,
      3.0813217163085938,
      9.83285903930664,
      10.123014450073242,
      9.483098983764648,
      2.2377967834472656,
      1.5380382537841797,
      3.4928321838378906,
      9.778976440429688,
      4.703998565673828,
      3.081798553466797,
      10.071992874145508,
      8.825063705444336,
      2.897977828979492,
      2.9447078704833984,
      1.4100074768066406,
      10.349750518798828,
      7.956027984619141,
      1.3799667358398438,
      11.257171630859375,
      5.431890487670898,
      2.567768096923828,
      9.680747985839844,
      7.898807525634766,
      1.528024673461914,
      10.668039321899414,
      10.001182556152344,
      12.299060821533203,
      4.256010055541992,
      1.8360614776611328,
      1.4309883117675781,
      1.6629695892333984,
      9.166240692138672,
      2.341747283935547,
      11.373043060302734,
      6.451129913330078,
      7.109165191650391,
      11.752843856811523,
      8.357763290405273,
      9.523868560791016,
      10.40029525756836,
      9.648799896240234,
      11.375188827514648,
      7.662057876586914,
      9.326934814453125,
      9.795188903808594,
      1.911163330078125,
      11.404991149902344,
      7.648944854736328,
      2.251148223876953,
      4.232168197631836,
      6.201028823852539,
      1.5659332275390625,
      7.06791877746582,
      3.9691925048828125,
      8.074045181274414,
      8.079767227172852,
      8.36491584777832,
      3.6470890045166016,
      3.718852996826172,
      8.455991744995117,
      1.8382072448730469,
      4.745960235595703,
      7.143974304199219,
      1.5230178833007812,
      5.068063735961914,
      8.933067321777344,
      7.153987884521484,
      3.7169456481933594,
      11.072158813476562,
      3.1380653381347656,
      11.631965637207031,
      6.224155426025391,
      7.867097854614258,
      10.24007797241211,
      10.806083679199219
    ],
    "algorithms_tested": [
      "randomx",
      "yescrypt",
      "autolykos_v2"
    ]
  }
}