{
  "cosmic_harmony_gpu": {
    "name": "ZION Cosmic Harmony GPU",
    "algorithm": "cosmic_harmony",
    "duration": 30.56660032272339,
    "avg_hashrate": 624699.6829268293,
    "hashrate_mhs": 0.6246996829268293,
    "peak_hashrate": 637062,
    "min_hashrate": 574644,
    "shares_total": 1335,
    "shares_accepted": 1335,
    "shares_rejected": 0,
    "acceptance_rate": 100.0,
    "avg_gpu_temp": 56.0,
    "avg_power_w": 178.04066666666665,
    "efficiency_h_per_w": 3508.7471566055847,
    "hashrate_samples": 123,
    "raw_hashrates": [
      574644,
      613928,
      619066,
      619496,
      613350,
      621595,
      624273,
      623880,
      632967,
      635703,
      623550,
      615373,
      615071,
      615194,
      617084,
      618619,
      617424,
      619094,
      620697,
      621678,
      624419,
      626602,
      628696,
      627924,
      622694,
      618845,
      617801,
      617418,
      615573,
      613966,
      613492,
      614282,
      615772,
      616056,
      616821,
      617951,
      618562,
      618911,
      620470,
      621852,
      622498,
      623269,
      624626,
      625239,
      626487,
      627485,
      627290,
      627801,
      628442,
      627921,
      624049,
      624383,
      623466,
      623367,
      623540,
      624309,
      625494,
      625379,
      626189,
      626075,
      625524,
      626144,
      625914,
      625893,
      626854,
      626964,
      627188,
      628272,
      628563,
      629012,
      629205,
      629621,
      629679,
      629800,
      630064,
      630269,
      629935,
      630227,
      630760,
      631155,
      631830,
      632120,
      632407,
      633250,
      633752,
      633919,
      634667,
      635644,
      635832,
      636211,
      636310,
      636716,
      636949,
      618006,
      621007,
      635616,
      615940,
      617707,
      619286,
      625483,
      626548,
      617060,
      614195,
      615655,
      618054,
      620976,
      624381,
      627367,
      628391,
      624296,
      623544,
      625448,
      625644,
      626178,
      627814,
      629051,
      629672,
      629902,
      631432,
      632813,
      634553,
      636228,
      637062
    ],
    "hashrate_times": [
      0.739985466003418,
      1.050196647644043,
      1.3760130405426025,
      1.7053062915802002,
      2.101912021636963,
      2.3600807189941406,
      2.679375171661377,
      3.0091512203216553,
      3.2951409816741943,
      3.604539394378662,
      3.99600887298584,
      4.3769824504852295,
      4.711552143096924,
      5.0435709953308105,
      5.361239910125732,
      5.680073261260986,
      6.105398654937744,
      6.337939739227295,
      6.6523072719573975,
      6.9715564250946045,
      7.270628213882446,
      7.573492765426636,
      7.875225067138672,
      8.211619853973389,
      8.60536241531372,
      8.987545490264893,
      9.333547353744507,
      9.672034502029419,
      10.100576400756836,
      10.390034198760986,
      10.731645345687866,
      11.051691770553589,
      11.358491897583008,
      11.68609619140625,
      12.103397369384766,
      12.315123796463013,
      12.633351564407349,
      12.957252025604248,
      13.256062746047974,
      13.556467533111572,
      13.872025966644287,
      14.184094667434692,
      14.481677293777466,
      14.795313596725464,
      15.093607664108276,
      15.39706802368164,
      15.727781295776367,
      16.11137580871582,
      16.3514301776886,
      16.69109272956848,
      17.120110034942627,
      17.43912434577942,
      17.793092727661133,
      18.124088525772095,
      18.44756770133972,
      18.75346565246582,
      19.046207904815674,
      19.37708330154419,
      19.679416179656982,
      20.10960602760315,
      20.355509042739868,
      20.662114143371582,
      20.99661111831665,
      21.324577808380127,
      21.61915373802185,
      21.942337036132812,
      22.261316299438477,
      22.549155235290527,
      22.864681243896484,
      23.174633502960205,
      23.492733001708984,
      23.803117990493774,
      24.126108169555664,
      24.446483373641968,
      24.761455535888672,
      25.078370332717896,
      25.41665768623352,
      25.730112552642822,
      26.106770992279053,
      26.341719150543213,
      26.63814616203308,
      26.95014786720276,
      27.26213002204895,
      27.549489974975586,
      27.851272583007812,
      28.16714644432068,
      28.457138776779175,
      28.736271142959595,
      29.049715995788574,
      29.354663848876953,
      29.672115802764893,
      29.97516679763794,
      30.285510301589966,
      30.492146968841553,
      30.49216055870056,
      30.492164134979248,
      30.492166757583618,
      30.49216938018799,
      30.4921715259552,
      30.49217391014099,
      30.492176294326782,
      30.492178678512573,
      30.492181062698364,
      30.492183685302734,
      30.492186307907104,
      30.492188453674316,
      30.492191076278687,
      30.492193460464478,
      30.49219584465027,
      30.49220061302185,
      30.49220299720764,
      30.49220561981201,
      30.492208003997803,
      30.492210388183594,
      30.492212772369385,
      30.492215156555176,
      30.49222207069397,
      30.49222469329834,
      30.49222683906555,
      30.492229223251343,
      30.492231607437134,
      30.492233753204346,
      30.492236137390137
    ],
    "power_samples": [
      {
        "cpu_power_w": 57.26499999999999,
        "gpu_power_w": 120.0,
        "total_power_w": 177.265,
        "cpu_usage_pct": 88.1
      },
      {
        "cpu_power_w": 62.79,
        "gpu_power_w": 120.0,
        "total_power_w": 182.79,
        "cpu_usage_pct": 96.6
      },
      {
        "cpu_power_w": 57.26499999999999,
        "gpu_power_w": 120.0,
        "total_power_w": 177.265,
        "cpu_usage_pct": 88.1
      },
      {
        "cpu_power_w": 58.435,
        "gpu_power_w": 120.0,
        "total_power_w": 178.435,
        "cpu_usage_pct": 89.9
      },
      {
        "cpu_power_w": 59.019999999999996,
        "gpu_power_w": 120.0,
        "total_power_w": 179.01999999999998,
        "cpu_usage_pct": 90.8
      },
      {
        "cpu_power_w": 57.135,
        "gpu_power_w": 120.0,
        "total_power_w": 177.135,
        "cpu_usage_pct": 87.9
      },
      {
        "cpu_power_w": 56.745,
        "gpu_power_w": 120.0,
        "total_power_w": 176.745,
        "cpu_usage_pct": 87.3
      },
      {
        "cpu_power_w": 57.26499999999999,
        "gpu_power_w": 120.0,
        "total_power_w": 177.265,
        "cpu_usage_pct": 88.1
      },
      {
        "cpu_power_w": 58.435,
        "gpu_power_w": 120.0,
        "total_power_w": 178.435,
        "cpu_usage_pct": 89.9
      },
      {
        "cpu_power_w": 57.26499999999999,
        "gpu_power_w": 120.0,
        "total_power_w": 177.265,
        "cpu_usage_pct": 88.1
      },
      {
        "cpu_power_w": 57.26499999999999,
        "gpu_power_w": 120.0,
        "total_power_w": 177.265,
        "cpu_usage_pct": 88.1
      },
      {
        "cpu_power_w": 58.88999999999999,
        "gpu_power_w": 120.0,
        "total_power_w": 178.89,
        "cpu_usage_pct": 90.6
      },
      {
        "cpu_power_w": 57.785000000000004,
        "gpu_power_w": 120.0,
        "total_power_w": 177.785,
        "cpu_usage_pct": 88.9
      },
      {
        "cpu_power_w": 57.2,
        "gpu_power_w": 120.0,
        "total_power_w": 177.2,
        "cpu_usage_pct": 88.0
      },
      {
        "cpu_power_w": 57.85,
        "gpu_power_w": 120.0,
        "total_power_w": 177.85,
        "cpu_usage_pct": 89.0
      }
    ]
  },
  "universal_cpu": {
    "name": "ZION Universal Miner CPU",
    "algorithm": "randomx",
    "duration": 45.31566524505615,
    "avg_hashrate": 4490.625,
    "hashrate_mhs": 0.004490625,
    "peak_hashrate": 4531.82,
    "min_hashrate": 4449.43,
    "shares_total": 0,
    "shares_accepted": 0,